{"Train Loss": 0.24811391532421112, "_timestamp": 1651973169, "_runtime": 710, "_step": 279, "Correct": 99.41184997558594, "Dice Score": 0.9500457048416138, "Test Loss": 0.7891302108764648}