{"Train Loss": 0.0013652200577780604, "_timestamp": 1651971182, "_runtime": 371, "_step": 71, "Correct": 99.17791748046875, "Dice Score": 0.9265139102935791, "Test Loss": 0.6757842302322388}