{"Train Loss": 0.08505634218454361, "_timestamp": 1651415279, "_runtime": 2221, "_step": 1022, "Correct": 99.18118286132812, "Dice Score": 0.9232021570205688}