{"Train Loss": 0.6731259226799011, "_timestamp": 1651970251, "_runtime": 166, "_step": 26, "Correct": 5.64208984375, "Dice Score": 0.1068151667714119, "Test Loss": 0.9465142488479614}