{"Train Loss": 0.25466033816337585, "_timestamp": 1651971688, "_runtime": 225, "_step": 90, "Correct": 94.35791015625, "Dice Score": 0.0, "Test Loss": 0.8299428820610046}