{"Train Loss": 0.5591952204704285, "_timestamp": 1651972022, "_runtime": 22, "_step": 7, "Correct": 5.8812713623046875, "Dice Score": 0.11109181493520737, "Test Loss": 0.9463152289390564}