{"Train Loss": 0.488288015127182, "_timestamp": 1651971856, "_runtime": 65, "_step": 24, "Correct": 92.71705627441406, "Dice Score": 0.008578699082136154, "Test Loss": 0.9438098073005676}