{"Train Loss": 0.5386281609535217, "_timestamp": 1651972418, "_runtime": 37, "_step": 15, "Correct": 93.93165588378906, "Dice Score": 0.0, "Test Loss": 0.931663990020752}