{"Train Loss": 0.6159741878509521, "_timestamp": 1651973865, "_runtime": 228, "_step": 38, "Correct": 94.04657745361328, "Dice Score": 0.0, "Test Loss": 0.9268746376037598}