{"Train Loss": 0.7418456673622131, "_timestamp": 1651971458, "_runtime": 67, "_step": 25, "Correct": 5.64208984375, "Dice Score": 0.10681518912315369, "Test Loss": 0.9627790451049805}