{"Train Loss": 0.0009504435583949089, "_timestamp": 1652011267, "_runtime": 34913, "_step": 4726, "Correct": 99.41177368164062, "Dice Score": 0.9491324424743652, "Test Loss": 0.6729649901390076}