{"Train Loss": 0.5679430961608887, "_timestamp": 1651972235, "_runtime": 51, "_step": 21, "Correct": 94.15267944335938, "Dice Score": 0.0, "Test Loss": 0.9358820915222168}