{"Train Loss": 0.6677502989768982, "_timestamp": 1651971367, "_runtime": 172, "_step": 31, "Correct": 94.35791015625, "Dice Score": 0.0, "Test Loss": 0.9381093382835388}