{"Train Loss": 0.24455542862415314, "_timestamp": 1651976220, "_runtime": 2342, "_step": 410, "Correct": 99.38935852050781, "Dice Score": 0.9464476704597473, "Test Loss": 0.6734577417373657}