{"Train Loss": 0.00724489102140069, "_timestamp": 1651970803, "_runtime": 142, "_step": 28, "Correct": 99.7265396118164, "Dice Score": 0.9755141735076904, "Test Loss": 0.6968504786491394}