{"Train Loss": 0.0602719783782959, "_timestamp": 1651970504, "_runtime": 74, "_step": 2, "Correct": 99.70133209228516, "Dice Score": 0.9733725786209106, "Test Loss": 0.6970316767692566}